{"count":1,"gauges":{},"self":19.7943776,"total":21.084749199999997,"children":{"AgentSendState":{"count":915,"self":0.0649394,"total":0.0878944,"children":{"CollectObservations":{"count":1647,"self":0.014983,"total":0.014983,"children":null},"CollectDiscreteActionMasks":{"count":1647,"self":0.007972,"total":0.007972,"children":null}}},"DecideAction":{"count":915,"self":0.9051484,"total":1.1813113,"children":{"RayPerceptionSensor.Perceive":{"count":1647,"self":0.2761629,"total":0.2761629,"children":null}}},"AgentAct":{"count":915,"self":0.020187899999999998,"total":0.020187899999999998,"children":null}}}