{"count":1,"gauges":{},"self":10.035785599999999,"total":10.8123512,"children":{"AgentSendState":{"count":487,"self":0.0459807,"total":0.0619677,"children":{"CollectObservations":{"count":882,"self":0.0099902999999999988,"total":0.0099902999999999988,"children":null},"CollectDiscreteActionMasks":{"count":882,"self":0.0059967,"total":0.0059967,"children":null}}},"DecideAction":{"count":487,"self":0.5566728,"total":0.706598,"children":{"RayPerceptionSensor.Perceive":{"count":882,"self":0.14992519999999998,"total":0.14992519999999998,"children":null}}},"AgentAct":{"count":487,"self":0.0060017,"total":0.0060017,"children":null}}}